<2011 Results>
<one>
<Sr no>1</Sr no>
<Name> Shraddha</Name>
<Date of exam>20 jan</Date of exam>
<Final result>Pass</Final result>
</one>

<one>
<Sr no>2</Sr no>
<Name> Srushti</Name>
<Date of exam>21 jan</Date of exam>
<Final result>Pass</Final result>
</one>

<one>
<Sr no>3</Sr no>
<Name> Dhwanil</Name>
<Date of exam>23 jan</Date of exam>
<Final result>fail</Final result>
</one>

<one>
<Sr no>4</Sr no>
<Name> Vandik</Name>
<Date of exam>24 jan</Date of exam>
<Final result>fail</Final result>
</one>

<one>
<Sr no>5</Sr no>
<Name> Vivek</Name>
<Date of exam>25 jan</Date of exam>
<Final result>Pass</Final result>
</one>

</2011 results>