<2012 Results>

<two>
<Sr no>1</Sr no>
<Name> Shikha</Name>
<Date of exam>1 feb</Date of exam>
<Final result>Pass</Final result>
</two>

<two>
<Sr no>2</Sr no>
<Name> Simaant</Name>
<Date of exam>2 feb</Date of exam>
<Final result>Fail</Final result>
</two>

<two>
<Sr no>3</Sr no>
<Name> Dharmesh</Name>
<Date of exam>3 feb</Date of exam>
<Final result>Fail</Final result>
</two>

<two>
<Sr no>4</Sr no>
<Name>Devansh</Name>
<Date of exam>4 feb</Date of exam>
<Final result>Fail</Final result>
</two>

<two>
<Sr no>5</Sr no>
<Name> Ninad</Name>
<Date of exam>5 feb</Date of exam>
<Final result>Pass</Final result>
</two>

</2012 results>