<2013 Results>

<three>
<Sr no>1</Sr no>
<Name> Ruchit</Name>
<Date of exam>2 march</Date of exam>
<Final result>Pass</Final result>
</three>

<three>
<Sr no>2</Sr no>
<Name> Pavan</Name>
<Date of exam>3 march</Date of exam>
<Final result>Fail</Final result>
</three>

<three>
<Sr no>3</Sr no>
<Name> Uditi</Name>
<Date of exam>4 march</Date of exam>
<Final result>Fail</Final result>
</three>

<three>
<Sr no>4</Sr no>
<Name> Tanay</Name>
<Date of exam>5 march</Date of exam>
<Final result>Fail</Final result>
</three>

<three>
<Sr no>5</Sr no>
<Name> Mehmood</Name>
<Date of exam>6 march</Date of exam>
<Final result>Pass</Final result>
</three>

</2013 results>