<2014 Results>

<four>
<Sr no>1</Sr no>
<Name> Mehavsh</Name>
<Date of exam>22 april</Date of exam>
<Final result>Pass</Final result>
</four>

<four>
<Sr no>2</Sr no>
<Name> Mihir</Name>
<Date of exam>23 april</Date of exam>
<Final result>Fail</Final result>
</four>

<four>
<Sr no>3</Sr no>
<Name> Tirth</Name>
<Date of exam>24 april</Date of exam>
<Final result>Fail</Final result>
</four>

<four>
<Sr no>4</Sr no>
<Name> Viral</Name>
<Date of exam>25 april</Date of exam>
<Final result>Fail</Final result>
</four>

<four>
<Sr no>5</Sr no>
<Name> Aditi</Name>
<Date of exam>26 april</Date of exam>
<Final result>Pass</Final result>
</four>

</2014 results>