<2015 Results>

<five>
<Sr no>1</Sr no>
<Name> Joey</Name>
<Date of exam>6 may</Date of exam>
<Final result>Pass</Final result>
</five>

<five>
<Sr no>2</Sr no>
<Name> John</Name>
<Date of exam>7 may</Date of exam>
<Final result>Fail</Final result>
</five>

<five>
<Sr no>3</Sr no>
<Name> cole</Name>
<Date of exam>8 may</Date of exam>
<Final result>Fail</Final result>
</five>

<five>
<Sr no>4</Sr no>
<Name> Tom</Name>
<Date of exam>9 may</Date of exam>
<Final result>Fail</Final result>
</five>

<five>
<Sr no>5</Sr no>
<Name> Jerry</Name>
<Date of exam>10 may</Date of exam>
<Final result>Pass</Final result>
</five>

</2015 results>