<2016 Results>

<six>
<Sr no>1</Sr no>
<Name> Ross</Name>
<Date of exam>10 june</Date of exam>
<Final result>Pass</Final result>
</six>

<six>
<Sr no>2</Sr no>
<Name> Pooh</Name>
<Date of exam>11 june</Date of exam>
<Final result>Fail</Final result>
</six>

<six>
<Sr no>3</Sr no>
<Name> Lee</Name>
<Date of exam>13 june</Date of exam>
<Final result>Pass</Final result>
</six>

<six>
<Sr no>4</Sr no>
<Name> Troy</Name>
<Date of exam>5 june</Date of exam>
<Final result>Pass</Final result>
</six>

<six>
<Sr no>5</Sr no>
<Name> Mina</Name>
<Date of exam>16 june</Date of exam>
<Final result>Pass</Final result>
</six>

</2016 results>