<2017 Results>

<seven>
<Sr no>1</Sr no>
<Name> Ron</Name>
<Date of exam>25 july</Date of exam>
<Final result>Pass</Final result>
</seven>

<seven>
<Sr no>2</Sr no>
<Name> Punit</Name>
<Date of exam>30 july</Date of exam>
<Final result>Pass</Final result>
</seven>

<seven>
<Sr no>3</Sr no>
<Name> Uma</Name>
<Date of exam>14 july</Date of exam>
<Final result>Fail</Final result>
</seven>

<seven>
<Sr no>4</Sr no>
<Name> Om</Name>
<Date of exam>5 july</Date of exam>
<Final result>Fail</Final result>
</seven>

<seven>
<Sr no>5</Sr no>
<Name> Jay</Name>
<Date of exam>6 july</Date of exam>
<Final result>Pass</Final result>
</seven>

</2017 results>